{
  "Update Booking" : {
    "transaction" : "Update Booking",
    "sampleCount" : 200,
    "errorCount" : 0,
    "errorPct" : 0.0,
    "meanResTime" : 103.495,
    "medianResTime" : 101.0,
    "minResTime" : 92.0,
    "maxResTime" : 140.0,
    "pct1ResTime" : 115.0,
    "pct2ResTime" : 118.0,
    "pct3ResTime" : 127.98000000000002,
    "throughput" : 18.747656542932134,
    "receivedKBytesPerSec" : 16.81247363610799,
    "sentKBytesPerSec" : 8.769655746156731
  },
  "Partial Update Booking" : {
    "transaction" : "Partial Update Booking",
    "sampleCount" : 200,
    "errorCount" : 0,
    "errorPct" : 0.0,
    "meanResTime" : 103.79,
    "medianResTime" : 102.0,
    "minResTime" : 93.0,
    "maxResTime" : 140.0,
    "pct1ResTime" : 114.9,
    "pct2ResTime" : 119.0,
    "pct3ResTime" : 130.99,
    "throughput" : 18.67936863734006,
    "receivedKBytesPerSec" : 16.80632413374428,
    "sentKBytesPerSec" : 5.673128560754646
  },
  "Total" : {
    "transaction" : "Total",
    "sampleCount" : 1399,
    "errorCount" : 0,
    "errorPct" : 0.0,
    "meanResTime" : 122.24374553252326,
    "medianResTime" : 100.0,
    "minResTime" : 91.0,
    "maxResTime" : 514.0,
    "pct1ResTime" : 118.0,
    "pct2ResTime" : 384.0,
    "pct3ResTime" : 403.0,
    "throughput" : 120.968439256377,
    "receivedKBytesPerSec" : 100.98728653264159,
    "sentKBytesPerSec" : 36.38824713575443
  },
  "Create Booking" : {
    "transaction" : "Create Booking",
    "sampleCount" : 200,
    "errorCount" : 0,
    "errorPct" : 0.0,
    "meanResTime" : 99.26999999999998,
    "medianResTime" : 98.0,
    "minResTime" : 91.0,
    "maxResTime" : 131.0,
    "pct1ResTime" : 107.0,
    "pct2ResTime" : 109.94999999999999,
    "pct3ResTime" : 118.99000000000001,
    "throughput" : 18.745899334520573,
    "receivedKBytesPerSec" : 17.289430827631456,
    "sentKBytesPerSec" : 8.109798247258412
  },
  "Delete booking" : {
    "transaction" : "Delete booking",
    "sampleCount" : 200,
    "errorCount" : 0,
    "errorPct" : 0.0,
    "meanResTime" : 103.38500000000003,
    "medianResTime" : 101.0,
    "minResTime" : 94.0,
    "maxResTime" : 140.0,
    "pct1ResTime" : 113.9,
    "pct2ResTime" : 116.0,
    "pct3ResTime" : 139.91000000000008,
    "throughput" : 18.672392867145923,
    "receivedKBytesPerSec" : 13.71946772010083,
    "sentKBytesPerSec" : 4.613393940808514
  },
  "Auth Get Token" : {
    "transaction" : "Auth Get Token",
    "sampleCount" : 199,
    "errorCount" : 0,
    "errorPct" : 0.0,
    "meanResTime" : 243.86432160804029,
    "medianResTime" : 123.0,
    "minResTime" : 91.0,
    "maxResTime" : 514.0,
    "pct1ResTime" : 400.0,
    "pct2ResTime" : 406.0,
    "pct3ResTime" : 419.0,
    "throughput" : 18.213435841112943,
    "receivedKBytesPerSec" : 13.791286266703276,
    "sentKBytesPerSec" : 4.802370778418451
  },
  "Get bookings" : {
    "transaction" : "Get bookings",
    "sampleCount" : 200,
    "errorCount" : 0,
    "errorPct" : 0.0,
    "meanResTime" : 100.935,
    "medianResTime" : 99.0,
    "minResTime" : 93.0,
    "maxResTime" : 140.0,
    "pct1ResTime" : 109.0,
    "pct2ResTime" : 112.0,
    "pct3ResTime" : 119.98000000000002,
    "throughput" : 18.7423859057258,
    "receivedKBytesPerSec" : 16.753569838815483,
    "sentKBytesPerSec" : 3.6606222472120704
  },
  "Get Booking after Deletion" : {
    "transaction" : "Get Booking after Deletion",
    "sampleCount" : 200,
    "errorCount" : 0,
    "errorPct" : 0.0,
    "meanResTime" : 101.575,
    "medianResTime" : 100.0,
    "minResTime" : 93.0,
    "maxResTime" : 140.0,
    "pct1ResTime" : 110.80000000000001,
    "pct2ResTime" : 115.0,
    "pct3ResTime" : 122.98000000000002,
    "throughput" : 18.668906935498928,
    "receivedKBytesPerSec" : 13.791290371511248,
    "sentKBytesPerSec" : 3.6462708858396344
  }
}